INSERT INTO CARGOS VALUES(444, 'VENDEDOR', NULL);
INSERT INTO CARGOS VALUES(555, 'ANALISTA DE SISTEMAS', 'SUPERIOR ANALISE');
INSERT INTO CARGOS VALUES(666, 'ADMINISTRADOR DE BANCO DE DADOS', 'CERTIFICACÃO DBA');
INSERT INTO CARGOS VALUES(777, 'WEB DESIGNER', 'TECNICO DE PROGRAMAÇÃO');
INSERT INTO CARGOS VALUES(888, 'GERENTE DE SOFTWARES', 'MBA OU CERTIFICAÇÃO PMP');
INSERT INTO CARGOS VALUES(999, 'DESENVOLVEDOR', 'SUPERIOR ANALISE');

-- DEPARTAMENTOS

INSERT INTO DEPARTAMENTOS VALUES(22001, 'CONTROLADORIA');
INSERT INTO DEPARTAMENTOS VALUES(22002, 'INFORMÁTICA');
INSERT INTO DEPARTAMENTOS VALUES(22003, 'INFRAESTRUTURA E SUPORTE');
INSERT INTO DEPARTAMENTOS VALUES(22004, 'VENDAS');
INSERT INTO DEPARTAMENTOS VALUES(22005, 'CONTABILIDADE');
INSERT INTO DEPARTAMENTOS VALUES(22006, 'RECURSOS HUMANOS');

-- SALARIOS 

INSERT INTO SALARIOS VALUES(444, 1, 2500.00);
INSERT INTO SALARIOS VALUES(444, 2, 3000.00);

INSERT INTO SALARIOS VALUES(555, 1, 4500.00);
INSERT INTO SALARIOS VALUES(555, 2, 5000.00);
INSERT INTO SALARIOS VALUES(555, 3, 6000.00);
INSERT INTO SALARIOS VALUES(555, 4, 7000.00);
INSERT INTO SALARIOS VALUES(555, 5, 7500.00);

INSERT INTO SALARIOS VALUES(666, 1, 4950.00);
INSERT INTO SALARIOS VALUES(666, 2, 5500.00);
INSERT INTO SALARIOS VALUES(666, 3, 6600.00);
INSERT INTO SALARIOS VALUES(666, 4, 7700.00);
INSERT INTO SALARIOS VALUES(666, 5, 8250.00);

INSERT INTO SALARIOS VALUES(777, 1, 3450.00);
INSERT INTO SALARIOS VALUES(777, 2, 4200.00);
INSERT INTO SALARIOS VALUES(777, 3, 4400.00);
INSERT INTO SALARIOS VALUES(777, 4, 4900.00);
INSERT INTO SALARIOS VALUES(777, 5, 5200.00);

INSERT INTO SALARIOS VALUES(888, 1, 7000.00);
INSERT INTO SALARIOS VALUES(888, 2, 7800.00);
INSERT INTO SALARIOS VALUES(888, 3, 8500.00);
INSERT INTO SALARIOS VALUES(888, 4, 10000.00);
INSERT INTO SALARIOS VALUES(888, 5, 11500.00);

INSERT INTO SALARIOS VALUES(999, 1, 2500.00);
INSERT INTO SALARIOS VALUES(999, 2, 3000.00);
INSERT INTO SALARIOS VALUES(999, 3, 3200.00);
INSERT INTO SALARIOS VALUES(999, 4, 3800.00);

-- FUNCIONARIOS

INSERT INTO FUNCIONARIOS VALUES(8801001, 'ADEMIR JOSÉ DA SILVA', '1970-02-01', '11111111111', 22004, 444, 1);
INSERT INTO FUNCIONARIOS VALUES(8801002, 'ALEXANDRE GOMES SILVA', '1972-03-01', '22222222222', 22004, 444, 2);
INSERT INTO FUNCIONARIOS VALUES(8801003, 'ALICE CARDOSO OLIVEIRA', '1974-04-01', '33333333333', 22002, 999, 1);
INSERT INTO FUNCIONARIOS VALUES(8801004, 'BIANCA FRANCA SOUZA', '1976-05-01', '99887766554', 22002, 999, 1);
INSERT INTO FUNCIONARIOS VALUES(8801005, 'CAMILA OLIVEIRA DA SILVA', '1980-06-01', '11223344556', 22002, 999, 2);
INSERT INTO FUNCIONARIOS VALUES(8801006, 'MARCIO RIBEIRO SANTOS', '1982-07-01', '34567234678', 22002, 999, 2);
INSERT INTO FUNCIONARIOS VALUES(8801007, 'KÁTIA BEZERRA DA SILVA', '1984-08-01', '09877789121', 22003, 666, 1);
INSERT INTO FUNCIONARIOS VALUES(8801008, 'KLEBER ARAÚJO SANTOS', '1988-09-01', '02932345410', 22003, 666, 1);
INSERT INTO FUNCIONARIOS VALUES(8801009, 'MARIA APARECIDA ROCHA', '1990-10-01', '11001002011', 22001, 555, 1);
INSERT INTO FUNCIONARIOS VALUES(8801010, 'MELISSA FONTES SILVA', '1992-11-01', '22200200344', 22001, 888, 4);
INSERT INTO FUNCIONARIOS VALUES(8801011, 'ROSA MARIA DOS SANTOS', '1994-12-01', '33300300455', 22002, 999, 4);
INSERT INTO FUNCIONARIOS VALUES(8801012, 'ROSANE OLIVEIRA CAMPOS', '1996-01-01', '44400400566', 22001, 555, 3);
INSERT INTO FUNCIONARIOS VALUES(8801013, 'SARA FERREIRA DA SILVA', '2000-02-01', '55500500677', 22002, 777, 2);
